outage_id,claim_id,policy_id,insured_id,cause_of_loss,outage_start_date,total_downtime_hours,detection_hours,containment_hours,recovery_hours,systems_affected,n_systems_affected,is_quarter_end,is_month_end,is_weekend_outage,ransom_demand_usd,ransom_paid,lost_revenue_usd,extra_expense_usd,forensics_cost_usd,restoration_cost_usd,regulatory_notification_triggered
OUT-90000,CLM-70000,POL-2020001,INS-10001,Insider Threat,2021-10-02,102.4,5.9,20.3,76.3,Customer Portal,1,False,False,True,0,False,4769,2045,1161,2164,False
OUT-90001,CLM-70001,POL-2020003,INS-10003,Ransomware,2023-06-04,217.4,27.8,43.2,146.4,Trading Platform,4,False,False,True,94141,False,1222474,343823,147518,311987,True
OUT-90002,CLM-70002,POL-2020006,INS-10006,Data Breach,2022-01-20,103.5,15.7,35.7,52.0,Trading Platform,1,False,False,False,0,False,72063,20347,11933,12591,False
OUT-90003,CLM-70003,POL-2020013,INS-10013,Ransomware,2022-09-21,116.2,13.2,40.5,62.6,Customer Portal,4,False,False,False,1087928,False,1053502,277054,230852,77315,True
OUT-90004,CLM-70004,POL-2020020,INS-10020,Data Breach,2021-07-06,65.6,5.2,14.0,46.4,Customer Portal,1,False,False,False,0,False,569,211,148,165,False
OUT-90005,CLM-70005,POL-2020032,INS-10032,Ransomware,2020-05-02,182.8,18.2,57.3,107.3,Customer Portal,2,False,False,True,685722,False,131697,56041,17173,-1949,False
OUT-90006,CLM-70007,POL-2020045,INS-10045,Insider Threat,2021-10-27,23.1,3.9,4.2,15.0,Email/Productivity,6,False,False,False,0,False,36786,16943,8032,1924,False
OUT-90007,CLM-70008,POL-2020051,INS-10051,Ransomware,2022-08-17,49.3,9.6,8.0,31.7,Customer Portal,6,False,False,False,6776615,False,8015,3419,1250,2755,False
OUT-90008,CLM-70009,POL-2020053,INS-10053,Data Breach,2025-02-24,126.4,12.2,23.4,90.8,Core Banking,4,False,False,False,0,False,273479,127773,25997,19182,True
OUT-90009,CLM-70010,POL-2020058,INS-10058,Data Breach,2024-09-24,329.1,24.1,64.4,240.6,Email/Productivity,2,False,False,False,0,False,79326,38625,8215,17593,True
OUT-90010,CLM-70011,POL-2020067,INS-10067,Ransomware,2022-02-23,71.5,10.4,12.9,48.2,Email/Productivity,4,False,False,False,423175,True,1993078,881062,448420,-229118,False
OUT-90011,CLM-70012,POL-2020069,INS-10069,DDoS,2022-07-29,23.7,1.8,6.4,15.5,Customer Portal,5,False,True,False,0,False,12534,6704,2888,3116,False
OUT-90012,CLM-70014,POL-2020074,INS-10074,DDoS,2024-12-15,179.3,24.3,56.5,98.5,Customer Portal,4,False,False,True,0,False,33109,11465,6746,8873,False
OUT-90013,CLM-70015,POL-2020094,INS-10094,Business Email Compromise,2022-06-05,1511.7,292.6,408.5,810.6,Multiple Systems,6,False,False,True,0,False,2337,1178,412,131,True
OUT-90014,CLM-70016,POL-2020095,INS-10095,Ransomware,2020-07-14,18.9,3.8,3.4,11.7,Customer Portal,6,False,False,False,102381,True,179953,58736,30777,53373,False
OUT-90015,CLM-70017,POL-2020107,INS-10107,Ransomware,2021-11-20,112.0,8.5,21.8,81.7,Payment Processing,1,False,False,True,187628,True,128396,51656,16556,64275,True
OUT-90016,CLM-70018,POL-2020107,INS-10107,Ransomware,2021-09-12,284.9,32.0,43.6,209.2,Multiple Systems,3,False,False,True,1143907,False,101502,61301,28818,23894,True
OUT-90017,CLM-70020,POL-2020112,INS-10112,Ransomware,2022-01-28,155.0,27.3,36.0,91.7,Payment Processing,4,False,True,False,99633,True,12512,4347,2892,6408,True
OUT-90018,CLM-70021,POL-2020113,INS-10113,Ransomware,2021-01-24,49.1,3.2,15.0,30.9,Multiple Systems,5,False,False,True,76134,False,83300,36632,23563,21410,True
OUT-90019,CLM-70022,POL-2020116,INS-10116,Data Breach,2020-12-31,16.2,2.6,2.6,11.0,Core Banking,2,True,True,False,0,False,264013,156731,61527,102305,False
OUT-90020,CLM-70025,POL-2020131,INS-10131,Data Breach,2025-02-01,58.4,9.2,10.6,38.6,Core Banking,2,False,False,True,0,False,3067,1307,683,-145,False
OUT-90021,CLM-70026,POL-2020134,INS-10134,Ransomware,2020-07-09,259.3,26.2,53.2,179.9,Payment Processing,6,False,False,False,335101,False,1523,918,215,515,False
OUT-90022,CLM-70028,POL-2020142,INS-10142,Business Email Compromise,2025-05-13,222.2,36.8,72.9,112.5,Core Banking,3,False,False,False,0,False,9568,3665,2335,61,True
OUT-90023,CLM-70029,POL-2020143,INS-10143,Ransomware,2020-08-05,234.4,14.1,75.8,144.4,Email/Productivity,1,False,False,False,313600,False,764441,311559,89584,261830,False
OUT-90024,CLM-70030,POL-2020144,INS-10144,Third-Party Breach,2021-01-23,60.2,3.3,12.8,44.0,Payment Processing,4,False,False,True,0,False,285584,131024,38119,134142,True
OUT-90025,CLM-70031,POL-2020157,INS-10157,Wire Fraud,2020-10-11,126.3,8.9,41.1,76.3,Trading Platform,1,False,False,True,0,False,22136,10283,4120,-1639,True
OUT-90026,CLM-70032,POL-2020167,INS-10167,Wire Fraud,2021-12-18,76.3,12.6,24.2,39.5,Core Banking,2,False,False,True,0,False,1955,671,221,514,False
OUT-90027,CLM-70033,POL-2020176,INS-10176,Ransomware,2024-09-19,144.5,12.4,46.0,86.2,Email/Productivity,5,False,False,False,1735322,False,2814,1043,253,665,False
OUT-90028,CLM-70034,POL-2020177,INS-10177,Business Email Compromise,2023-03-14,81.1,10.3,19.2,51.6,Multiple Systems,3,False,False,False,0,False,372,175,106,73,False
OUT-90029,CLM-70035,POL-2020180,INS-10180,Data Breach,2024-11-10,68.4,12.7,10.7,45.1,Trading Platform,6,False,False,True,0,False,883264,322490,163428,247953,True
OUT-90030,CLM-70036,POL-2020190,INS-10190,Business Email Compromise,2020-12-06,667.3,94.0,126.8,446.5,Payment Processing,5,False,False,True,0,False,2989,1091,735,114,False
OUT-90031,CLM-70037,POL-2020191,INS-10191,Ransomware,2021-09-19,52.8,2.8,9.9,40.0,Core Banking,4,False,False,True,109540,False,31120,13459,5728,2625,False
OUT-90032,CLM-70038,POL-2020198,INS-10198,Ransomware,2024-12-09,360.6,70.6,84.0,206.0,Trading Platform,1,False,False,False,3261243,True,43242,23231,8418,6176,False
OUT-90033,CLM-70039,POL-2020198,INS-10198,Ransomware,2024-10-18,129.4,18.5,27.3,83.6,Email/Productivity,6,False,False,False,116470,False,7531906,3094167,844880,3309495,False
OUT-90034,CLM-70040,POL-2020201,INS-10201,Business Email Compromise,2023-02-01,15.9,3.0,3.0,9.9,Trading Platform,1,False,False,False,0,False,125,63,31,36,False
OUT-90035,CLM-70041,POL-2020215,INS-10215,DDoS,2024-01-03,765.2,122.8,172.2,470.2,Multiple Systems,3,False,False,False,0,False,52641,19517,7909,4203,False
OUT-90036,CLM-70042,POL-2020217,INS-10217,Ransomware,2020-12-03,125.3,21.5,24.9,78.9,Trading Platform,2,False,False,False,1868195,False,166280,61703,37426,1906,False
OUT-90037,CLM-70043,POL-2020227,INS-10227,Business Email Compromise,2021-10-16,376.5,42.7,128.5,205.4,Multiple Systems,6,False,False,True,0,False,741887,309516,176458,149105,False
OUT-90038,CLM-70044,POL-2020233,INS-10233,Data Breach,2022-09-10,248.5,23.0,51.8,173.7,Email/Productivity,1,False,False,True,0,False,99660,27883,21791,15377,False
OUT-90039,CLM-70045,POL-2020237,INS-10237,Data Breach,2024-10-30,438.0,63.0,112.9,262.1,Payment Processing,3,False,True,False,0,False,234766,126874,61788,50060,False
OUT-90040,CLM-70046,POL-2020247,INS-10247,Data Breach,2023-03-04,71.4,8.7,16.3,46.4,Payment Processing,4,False,False,True,0,False,6718,3541,1533,1665,True
OUT-90041,CLM-70047,POL-2020263,INS-10263,Business Email Compromise,2025-08-25,195.6,15.8,60.4,119.3,Customer Portal,1,False,False,False,0,False,828,210,168,115,False
OUT-90042,CLM-70048,POL-2020264,INS-10264,Ransomware,2022-01-29,344.1,61.2,119.9,163.0,Email/Productivity,1,False,True,True,4356305,False,2434162,1006163,717347,734917,True
OUT-90043,CLM-70049,POL-2020265,INS-10265,Third-Party Breach,2021-12-11,320.8,20.6,81.7,218.5,Email/Productivity,6,False,False,True,0,False,2235730,977187,336888,505213,True
OUT-90044,CLM-70050,POL-2020268,INS-10268,Business Email Compromise,2024-02-05,68.2,12.9,13.9,41.4,Payment Processing,1,False,False,False,0,False,132862,51407,17564,27264,True
OUT-90045,CLM-70052,POL-2020270,INS-10270,Insider Threat,2023-01-10,770.2,60.3,262.9,447.0,Customer Portal,1,False,False,False,0,False,25218,10792,5754,3087,False
OUT-90046,CLM-70053,POL-2020271,INS-10271,Third-Party Breach,2020-11-18,304.0,18.9,89.0,196.1,Multiple Systems,3,False,False,False,0,False,2141,1157,284,850,True
OUT-90047,CLM-70054,POL-2020271,INS-10271,Business Email Compromise,2020-11-19,66.9,11.7,19.1,36.1,Core Banking,3,False,False,False,0,False,1378,533,170,532,True
OUT-90048,CLM-70055,POL-2020277,INS-10277,Wire Fraud,2023-11-25,213.9,39.7,37.2,137.0,Customer Portal,1,False,False,True,0,False,1085,370,298,240,True
OUT-90049,CLM-70056,POL-2020278,INS-10278,DDoS,2023-11-22,79.1,10.9,14.2,54.0,Trading Platform,1,False,False,False,0,False,110394,56519,20906,1370,True
OUT-90050,CLM-70057,POL-2020280,INS-10280,Business Email Compromise,2022-01-30,51.9,6.2,10.8,34.9,Trading Platform,3,False,True,True,0,False,1964,773,442,1014,False
OUT-90051,CLM-70058,POL-2020284,INS-10284,Third-Party Breach,2022-02-11,687.1,112.0,223.7,351.3,Payment Processing,6,False,False,False,0,False,547,152,114,85,False
OUT-90052,CLM-70059,POL-2020299,INS-10299,Business Email Compromise,2023-01-09,72.0,9.9,17.6,44.6,Multiple Systems,2,False,False,False,0,False,25307,6778,2545,10196,False
OUT-90053,CLM-70060,POL-2020303,INS-10303,Ransomware,2020-11-28,6.3,0.8,1.2,4.3,Payment Processing,1,False,True,True,2403329,False,12002,4361,3021,2083,False
OUT-90054,CLM-70061,POL-2020308,INS-10308,Data Breach,2023-07-04,61.3,4.3,17.6,39.5,Customer Portal,5,False,False,False,0,False,10309,3743,1113,1038,False
OUT-90055,CLM-70062,POL-2020321,INS-10321,Business Email Compromise,2025-04-11,465.4,60.1,135.6,269.7,Email/Productivity,3,False,False,False,0,False,16843,6374,2001,2669,False
OUT-90056,CLM-70063,POL-2020322,INS-10322,Other,2022-01-20,548.3,103.6,167.1,277.6,Multiple Systems,5,False,False,False,0,False,7747,4176,1303,2140,True
OUT-90057,CLM-70064,POL-2020333,INS-10333,Ransomware,2021-05-26,62.6,6.1,20.2,36.3,Email/Productivity,6,False,False,False,961304,False,770065,258607,62740,141388,False
OUT-90058,CLM-70065,POL-2020336,INS-10336,Data Breach,2023-04-23,80.9,6.3,26.8,47.7,Customer Portal,2,False,False,True,0,False,298018,103166,38053,33996,False
OUT-90059,CLM-70066,POL-2020338,INS-10338,Third-Party Breach,2025-01-08,15.0,1.4,4.9,8.6,Payment Processing,4,False,False,False,0,False,107199,47201,25627,28148,False
OUT-90060,CLM-70068,POL-2020342,INS-10342,Data Breach,2025-06-28,13.6,1.1,2.7,9.8,Customer Portal,4,True,True,True,0,False,406838,193535,102759,76831,False
OUT-90061,CLM-70069,POL-2020344,INS-10344,Data Breach,2024-08-25,655.6,86.5,115.8,453.3,Multiple Systems,5,False,False,True,0,False,66997,21016,7309,28920,True
OUT-90062,CLM-70070,POL-2020349,INS-10349,Data Breach,2021-08-13,63.1,8.7,21.5,32.8,Customer Portal,2,False,False,False,0,False,11791,5082,2343,-122,True
OUT-90063,CLM-70071,POL-2020357,INS-10357,DDoS,2021-03-28,226.3,41.8,68.0,116.5,Trading Platform,6,True,True,True,0,False,10697,3806,1117,2971,True
OUT-90064,CLM-70072,POL-2020362,INS-10362,Wire Fraud,2024-05-15,45.0,5.4,15.1,24.6,Email/Productivity,3,False,False,False,0,False,633,199,128,158,False
OUT-90065,CLM-70073,POL-2020384,INS-10384,Business Email Compromise,2024-02-21,277.3,33.2,93.2,150.8,Core Banking,4,False,False,False,0,False,25126,13381,6157,7444,False
OUT-90066,CLM-70074,POL-2020384,INS-10384,Wire Fraud,2024-05-09,48.1,9.5,12.6,25.9,Customer Portal,4,False,False,False,0,False,3919,965,391,1003,False
OUT-90067,CLM-70075,POL-2020391,INS-10391,Business Email Compromise,2020-09-04,127.1,13.0,34.8,79.3,Customer Portal,5,False,False,False,0,False,108405,36228,21873,34312,False
OUT-90068,CLM-70076,POL-2020392,INS-10392,Ransomware,2023-06-07,151.8,20.5,38.7,92.6,Core Banking,4,False,False,False,1668514,False,154688,95518,36094,44151,True
OUT-90069,CLM-70077,POL-2020396,INS-10396,Ransomware,2024-07-15,268.7,26.2,67.5,175.0,Payment Processing,3,False,False,False,83150,False,1488872,810360,429223,144559,False
OUT-90070,CLM-70078,POL-2020407,INS-10407,Third-Party Breach,2023-01-15,253.7,18.8,39.3,195.6,Customer Portal,5,False,False,True,0,False,3210425,1550351,438110,1301734,False
OUT-90071,CLM-70079,POL-2020409,INS-10409,Ransomware,2025-06-25,7.6,1.3,1.8,4.5,Core Banking,3,True,False,False,3080052,False,1034083,394655,253652,125111,False
OUT-90072,CLM-70080,POL-2020412,INS-10412,Business Email Compromise,2020-10-16,153.9,17.3,23.6,113.1,Email/Productivity,3,False,False,False,0,False,7241,3380,721,976,True
OUT-90073,CLM-70081,POL-2020428,INS-10428,Business Email Compromise,2022-07-19,106.5,12.4,19.4,74.7,Payment Processing,4,False,False,False,0,False,2381,1115,486,180,True
OUT-90074,CLM-70082,POL-2020430,INS-10430,Data Breach,2021-08-09,679.1,66.4,120.8,491.9,Multiple Systems,3,False,False,False,0,False,17791,5803,1526,4101,False
OUT-90075,CLM-70083,POL-2020431,INS-10431,Data Breach,2021-10-09,867.6,117.7,172.9,576.9,Multiple Systems,1,False,False,True,0,False,438053,121508,66235,82751,False
OUT-90076,CLM-70084,POL-2020433,INS-10433,Data Breach,2024-01-22,21.0,1.8,6.0,13.1,Trading Platform,3,False,False,False,0,False,49992,23995,8562,6770,False
OUT-90077,CLM-70085,POL-2020436,INS-10436,Business Email Compromise,2021-03-23,5.8,0.3,1.1,4.4,Payment Processing,2,False,False,False,0,False,2486,806,428,105,False
OUT-90078,CLM-70087,POL-2020437,INS-10437,Data Breach,2022-07-18,49.9,9.3,7.7,32.9,Core Banking,2,False,False,False,0,False,17511,5815,2345,4420,False
OUT-90079,CLM-70088,POL-2020438,INS-10438,Data Breach,2022-03-13,229.9,19.2,72.3,138.3,Trading Platform,3,False,False,True,0,False,84484,25778,9612,41173,False
OUT-90080,CLM-70089,POL-2020444,INS-10444,Ransomware,2024-05-07,127.6,9.2,42.1,76.3,Multiple Systems,4,False,False,False,3188120,False,1387351,744619,341334,117509,False
OUT-90081,CLM-70090,POL-2020445,INS-10445,Business Email Compromise,2024-12-29,19.7,3.5,4.1,12.2,Customer Portal,1,True,True,True,0,False,9900,4594,1802,3337,False
OUT-90082,CLM-70093,POL-2020461,INS-10461,Wire Fraud,2024-07-14,182.3,23.0,29.3,130.0,Customer Portal,4,False,False,True,0,False,18635,4591,1963,3733,False
OUT-90083,CLM-70095,POL-2020476,INS-10476,Ransomware,2023-02-02,281.7,42.7,51.0,187.9,Core Banking,5,False,False,False,124070,False,182627,67043,21771,115995,False
OUT-90084,CLM-70096,POL-2020477,INS-10477,Business Email Compromise,2025-05-29,30.6,3.8,7.3,19.5,Customer Portal,6,False,True,False,0,False,27828,12383,3734,7140,False
OUT-90085,CLM-70097,POL-2020480,INS-10480,Business Email Compromise,2021-02-09,190.9,13.4,62.2,115.3,Payment Processing,6,False,False,False,0,False,1866,515,473,382,False
OUT-90086,CLM-70098,POL-2020483,INS-10483,Third-Party Breach,2020-09-20,18.1,2.8,3.3,12.0,Trading Platform,6,False,False,True,0,False,369735,117618,85252,1672,False
OUT-90087,CLM-70099,POL-2020497,INS-10497,Data Breach,2024-01-22,297.4,19.5,54.1,223.8,Core Banking,5,False,False,False,0,False,7813,2060,697,2867,True
OUT-90088,CLM-70100,POL-2020499,INS-10499,Third-Party Breach,2021-11-26,10.5,1.8,1.9,6.8,Trading Platform,4,False,False,False,0,False,18090,6105,3921,428,False
OUT-90089,CLM-70101,POL-2020499,INS-10499,Business Email Compromise,2022-01-08,14.7,1.7,3.8,9.3,Multiple Systems,1,False,False,True,0,False,78533,38052,12518,23892,False
OUT-90090,CLM-70102,POL-2020503,INS-10503,Other,2020-04-26,244.7,20.4,40.7,183.6,Customer Portal,6,False,False,True,0,False,8225,3491,2204,3901,False
OUT-90091,CLM-70103,POL-2020503,INS-10503,Ransomware,2020-10-29,79.2,6.4,16.6,56.2,Multiple Systems,4,False,True,False,111147,False,24699,9624,5557,-739,False
OUT-90092,CLM-70104,POL-2020511,INS-10511,Third-Party Breach,2023-08-10,205.1,38.3,33.4,133.4,Multiple Systems,3,False,False,False,0,False,401819,98841,89366,36835,False
OUT-90093,CLM-70105,POL-2020513,INS-10513,Ransomware,2021-09-15,75.6,10.0,19.4,46.2,Payment Processing,1,False,False,False,106011,False,923935,439448,174139,21460,False
OUT-90094,CLM-70106,POL-2020522,INS-10522,Other,2023-06-24,993.8,167.3,174.6,651.9,Core Banking,2,False,False,True,0,False,1785,687,266,260,False
OUT-90095,CLM-70107,POL-2020523,INS-10523,Third-Party Breach,2022-01-21,133.6,19.0,40.7,74.0,Trading Platform,4,False,False,False,0,False,705747,209774,160022,30248,True
OUT-90096,CLM-70108,POL-2020526,INS-10526,Third-Party Breach,2025-08-30,270.5,52.5,84.6,133.4,Core Banking,4,False,True,True,0,False,22862,9267,1968,2407,True
OUT-90097,CLM-70110,POL-2020539,INS-10539,Data Breach,2021-03-27,450.9,61.4,135.0,254.4,Core Banking,1,True,False,True,0,False,168420,62152,34146,-877,False
OUT-90098,CLM-70111,POL-2020543,INS-10543,Third-Party Breach,2023-09-08,18.2,2.8,3.8,11.6,Multiple Systems,1,False,False,False,0,False,910093,496985,138851,346370,False
OUT-90099,CLM-70112,POL-2020553,INS-10553,Data Breach,2021-11-01,90.9,7.9,25.3,57.7,Email/Productivity,3,False,False,False,0,False,28417,11097,6475,763,False
OUT-90100,CLM-70113,POL-2020556,INS-10556,Business Email Compromise,2023-04-14,72.4,5.9,14.5,52.0,Payment Processing,5,False,False,False,0,False,3599,1711,648,276,False
OUT-90101,CLM-70114,POL-2020566,INS-10566,DDoS,2020-11-17,40.1,2.1,11.4,26.6,Payment Processing,5,False,False,False,0,False,59652,18642,5395,13667,True
OUT-90102,CLM-70116,POL-2020570,INS-10570,Wire Fraud,2022-12-20,348.5,44.5,55.2,248.8,Multiple Systems,1,False,False,False,0,False,152556,43682,20742,69133,False
OUT-90103,CLM-70117,POL-2020574,INS-10574,Ransomware,2021-04-08,11.6,1.3,2.0,8.3,Multiple Systems,4,False,False,False,336174,True,318936,184860,36520,134209,False
OUT-90104,CLM-70118,POL-2020576,INS-10576,Ransomware,2021-02-15,216.0,33.1,67.6,115.3,Core Banking,5,False,False,False,302975,True,29012,10925,6955,14040,False
OUT-90105,CLM-70119,POL-2020581,INS-10581,Other,2021-04-07,171.2,30.0,30.4,110.8,Trading Platform,1,False,False,False,0,False,24817,12598,2410,3415,False
OUT-90106,CLM-70120,POL-2020583,INS-10583,Business Email Compromise,2022-10-23,266.2,15.7,69.5,181.0,Multiple Systems,5,False,False,True,0,False,121484,34641,15720,17378,True
OUT-90107,CLM-70121,POL-2020590,INS-10590,Ransomware,2022-10-27,32.5,2.1,7.2,23.2,Customer Portal,4,False,False,False,22918,False,14909,6770,3429,7383,False
OUT-90108,CLM-70124,POL-2020610,INS-10610,DDoS,2022-03-17,153.3,30.1,48.1,75.1,Trading Platform,3,False,False,False,0,False,99347,29788,9495,23064,True
OUT-90109,CLM-70125,POL-2020611,INS-10611,Business Email Compromise,2023-01-26,223.8,31.4,56.9,135.5,Core Banking,3,False,False,False,0,False,98265,29543,17651,32138,False
OUT-90110,CLM-70126,POL-2020612,INS-10612,Third-Party Breach,2022-08-05,574.3,41.7,134.6,398.0,Trading Platform,4,False,False,False,0,False,885,533,98,397,False
OUT-90111,CLM-70127,POL-2020614,INS-10614,Business Email Compromise,2021-04-10,87.0,16.6,28.1,42.3,Multiple Systems,1,False,False,True,0,False,177,87,16,14,False
OUT-90112,CLM-70129,POL-2020624,INS-10624,DDoS,2024-04-27,99.1,14.5,31.7,52.9,Email/Productivity,5,False,False,True,0,False,61292,30653,11527,25476,False
OUT-90113,CLM-70130,POL-2020639,INS-10639,Ransomware,2024-09-06,536.6,61.9,178.4,296.3,Payment Processing,2,False,False,False,2489303,False,2736449,804597,705156,660200,True
OUT-90114,CLM-70131,POL-2020654,INS-10654,Business Email Compromise,2024-08-24,61.3,9.5,14.8,37.0,Trading Platform,6,False,False,True,0,False,21414,8175,5222,7603,False
OUT-90115,CLM-70132,POL-2020654,INS-10654,Ransomware,2024-11-23,726.6,104.6,194.0,428.1,Email/Productivity,5,False,False,True,1554104,False,261820,120066,56301,12821,False
OUT-90116,CLM-70133,POL-2020657,INS-10657,Ransomware,2022-12-29,139.4,9.2,31.0,99.2,Multiple Systems,3,True,True,False,245667,False,192897,88522,21539,80693,False
OUT-90117,CLM-70134,POL-2020675,INS-10675,Ransomware,2021-04-02,339.1,30.8,104.0,204.4,Multiple Systems,3,False,False,False,655006,False,19822,10724,6134,6382,False
OUT-90118,CLM-70135,POL-2020693,INS-10693,Business Email Compromise,2024-12-20,221.3,31.6,64.7,125.0,Payment Processing,3,False,False,False,0,False,10600,3194,1883,1744,False
OUT-90119,CLM-70136,POL-2020700,INS-10700,Business Email Compromise,2024-04-03,71.8,6.9,14.4,50.5,Trading Platform,1,False,False,False,0,False,7151,3481,1895,2112,True
OUT-90120,CLM-70138,POL-2020705,INS-10705,Business Email Compromise,2021-10-22,118.2,21.4,27.9,68.9,Email/Productivity,3,False,False,False,0,False,1023,494,250,183,False
OUT-90121,CLM-70139,POL-2020713,INS-10713,Data Breach,2024-12-09,165.7,14.6,34.7,116.4,Multiple Systems,3,False,False,False,0,False,1265407,492493,274092,241145,False
OUT-90122,CLM-70140,POL-2020730,INS-10730,Business Email Compromise,2025-06-17,209.1,26.3,36.0,146.8,Payment Processing,6,False,False,False,0,False,68862,40658,10367,22628,False
OUT-90123,CLM-70141,POL-2020735,INS-10735,Insider Threat,2021-09-11,72.9,4.2,21.6,47.1,Payment Processing,2,False,False,True,0,False,179698,73499,30692,22344,True
OUT-90124,CLM-70143,POL-2020747,INS-10747,Third-Party Breach,2025-01-24,91.5,17.9,15.9,57.7,Email/Productivity,5,False,False,False,0,False,21184,9003,2005,6182,False
OUT-90125,CLM-70144,POL-2020750,INS-10750,Wire Fraud,2023-09-08,421.8,47.2,129.3,245.3,Customer Portal,3,False,False,False,0,False,2217,1146,466,245,False
OUT-90126,CLM-70145,POL-2020764,INS-10764,Third-Party Breach,2025-01-03,195.5,32.2,60.8,102.5,Trading Platform,2,False,False,False,0,False,249087,111179,50644,12780,False
OUT-90127,CLM-70146,POL-2020788,INS-10788,Data Breach,2025-06-24,15.0,2.0,3.9,9.1,Payment Processing,6,False,False,False,0,False,14930,8387,2485,4793,False
OUT-90128,CLM-70147,POL-2020796,INS-10796,Ransomware,2024-03-26,67.8,8.8,13.6,45.4,Customer Portal,4,True,False,False,2382645,False,8641,4345,1910,-229,False
OUT-90129,CLM-70148,POL-2020801,INS-10801,Ransomware,2025-02-18,732.4,90.4,139.9,502.1,Core Banking,6,False,False,False,8627225,True,14952,6071,4157,3596,False
OUT-90130,CLM-70149,POL-2020809,INS-10809,Ransomware,2023-05-18,63.7,7.3,17.0,39.4,Customer Portal,5,False,False,False,47154,True,47959,17216,5680,4732,False
OUT-90131,CLM-70150,POL-2020810,INS-10810,Third-Party Breach,2025-04-08,443.9,69.8,92.9,281.2,Email/Productivity,3,False,False,False,0,False,27470,13060,3853,1703,False
OUT-90132,CLM-70152,POL-2020823,INS-10823,DDoS,2025-01-16,156.1,11.0,43.4,101.8,Core Banking,1,False,False,False,0,False,9588,4225,2083,2466,False
OUT-90133,CLM-70153,POL-2020828,INS-10828,Wire Fraud,2022-02-21,527.7,58.7,176.7,292.3,Email/Productivity,1,False,False,False,0,False,7977,2952,2086,2038,False
OUT-90134,CLM-70154,POL-2020835,INS-10835,Ransomware,2025-03-07,262.8,18.5,45.9,198.3,Core Banking,3,False,False,False,52026,False,531499,151277,54092,97327,False
OUT-90135,CLM-70155,POL-2020836,INS-10836,Ransomware,2023-09-17,185.5,24.2,29.6,131.8,Customer Portal,2,False,False,True,955519,False,748293,284115,148669,122563,True
OUT-90136,CLM-70156,POL-2020866,INS-10866,Ransomware,2022-05-04,273.0,24.7,75.8,172.5,Trading Platform,5,False,False,False,293515,False,555292,182590,57476,73618,False
OUT-90137,CLM-70157,POL-2020883,INS-10883,DDoS,2022-01-25,36.2,2.2,12.4,21.6,Trading Platform,2,False,False,False,0,False,20042,9571,3986,-348,True
OUT-90138,CLM-70158,POL-2020893,INS-10893,Ransomware,2024-11-27,86.1,8.7,15.0,62.3,Payment Processing,4,False,False,False,111081,False,1070161,376057,150883,85909,False
OUT-90139,CLM-70159,POL-2020894,INS-10894,Wire Fraud,2020-08-20,31.4,3.0,8.7,19.7,Email/Productivity,5,False,False,False,0,False,17520,6347,3767,9640,False
OUT-90140,CLM-70160,POL-2020901,INS-10901,Data Breach,2021-10-30,40.4,5.8,7.6,27.0,Trading Platform,4,False,True,True,0,False,50011,32174,5777,21564,False
OUT-90141,CLM-70161,POL-2020909,INS-10909,Third-Party Breach,2021-12-25,257.4,12.9,55.3,189.2,Trading Platform,1,True,False,True,0,False,50559,24133,14255,13297,True
OUT-90142,CLM-70162,POL-2020911,INS-10911,Insider Threat,2020-07-20,120.1,14.7,36.6,68.8,Trading Platform,3,False,False,False,0,False,1848462,521938,289130,265968,True
OUT-90143,CLM-70164,POL-2020924,INS-10924,Third-Party Breach,2020-12-05,10.7,1.6,2.3,6.8,Customer Portal,2,False,False,True,0,False,43096,18436,6639,3902,False
OUT-90144,CLM-70165,POL-2020937,INS-10937,Business Email Compromise,2020-07-02,239.2,15.1,36.4,187.7,Core Banking,3,False,False,False,0,False,11958,3705,2925,4238,True
OUT-90145,CLM-70166,POL-2020937,INS-10937,Ransomware,2020-05-11,201.9,20.2,57.2,124.5,Customer Portal,1,False,False,False,581431,False,15933605,8266062,4260244,2224371,True
OUT-90146,CLM-70167,POL-2020947,INS-10947,Data Breach,2021-03-14,127.0,22.3,31.4,73.3,Multiple Systems,5,False,False,True,0,False,487,215,97,245,True
OUT-90147,CLM-70168,POL-2020951,INS-10951,Wire Fraud,2024-05-24,106.4,20.6,28.0,57.8,Core Banking,6,False,False,False,0,False,115494,53395,21338,9531,False
OUT-90148,CLM-70169,POL-2020954,INS-10954,Business Email Compromise,2022-07-18,89.2,12.5,17.8,59.0,Multiple Systems,5,False,False,False,0,False,3186,1782,931,1001,True
OUT-90149,CLM-70170,POL-2020956,INS-10956,Business Email Compromise,2024-08-02,40.2,4.5,10.4,25.3,Core Banking,1,False,False,False,0,False,6881,2927,954,2692,False
OUT-90150,CLM-70171,POL-2020970,INS-10970,Business Email Compromise,2021-06-02,230.7,37.8,57.3,135.6,Core Banking,3,False,False,False,0,False,317,88,64,97,False
OUT-90151,CLM-70172,POL-2020976,INS-10976,Insider Threat,2020-09-20,27.9,2.2,6.3,19.3,Trading Platform,2,False,False,True,0,False,21070,8598,2878,7018,False
OUT-90152,CLM-70173,POL-2020986,INS-10986,Data Breach,2021-07-29,105.8,18.8,24.9,62.1,Email/Productivity,1,False,True,False,0,False,102501,43350,19822,13391,False
OUT-90153,CLM-70174,POL-2020991,INS-10991,Ransomware,2022-01-28,30.7,4.1,9.7,16.9,Multiple Systems,4,False,True,False,1811642,False,182109,63200,33770,18231,False
OUT-90154,CLM-70175,POL-2021003,INS-11003,Third-Party Breach,2022-06-08,257.3,38.0,73.0,146.3,Customer Portal,6,False,False,False,0,False,292142,132256,54650,127642,False
OUT-90155,CLM-70176,POL-2021004,INS-11004,Data Breach,2020-06-16,511.5,85.6,90.8,335.0,Core Banking,5,False,False,False,0,False,14577,7492,3639,423,False
OUT-90156,CLM-70177,POL-2021006,INS-11006,Ransomware,2022-05-07,8.2,1.5,1.8,4.9,Payment Processing,1,False,False,True,412196,False,97535,41384,20649,-6744,False
OUT-90157,CLM-70178,POL-2021008,INS-11008,DDoS,2024-02-22,126.9,24.1,42.8,60.0,Multiple Systems,1,False,False,False,0,False,4543,1543,1086,1950,False
OUT-90158,CLM-70179,POL-2021010,INS-11010,Insider Threat,2023-01-21,8.1,1.1,1.7,5.3,Payment Processing,1,False,False,True,0,False,1554920,422052,144979,527472,False
OUT-90159,CLM-70180,POL-2021020,INS-11020,Ransomware,2022-08-09,84.3,8.7,15.9,59.7,Email/Productivity,4,False,False,False,3339363,False,323828,159377,63359,-1133,False
OUT-90160,CLM-70181,POL-2021024,INS-11024,Insider Threat,2022-12-14,64.8,9.6,12.7,42.5,Customer Portal,3,False,False,False,0,False,16985,8076,2135,212,False
OUT-90161,CLM-70182,POL-2021030,INS-11030,Other,2024-01-31,157.0,12.7,34.2,110.1,Core Banking,2,False,True,False,0,False,3033,1842,937,743,False
OUT-90162,CLM-70183,POL-2021041,INS-11041,Ransomware,2021-05-01,66.9,9.7,20.3,36.9,Trading Platform,4,False,False,True,478425,False,157701,55816,30583,26061,False
OUT-90163,CLM-70184,POL-2021047,INS-11047,Third-Party Breach,2024-07-21,71.2,12.5,22.2,36.5,Core Banking,4,False,False,True,0,False,771103,362866,148415,371593,True
OUT-90164,CLM-70185,POL-2021050,INS-11050,Ransomware,2021-08-11,36.5,5.9,9.1,21.4,Multiple Systems,2,False,False,False,922221,False,391000,192479,73214,95316,True
OUT-90165,CLM-70186,POL-2021051,INS-11051,Ransomware,2022-05-14,26.0,1.7,4.0,20.3,Customer Portal,2,False,False,True,279877,False,194052,70744,42072,98435,False
OUT-90166,CLM-70187,POL-2021060,INS-11060,Business Email Compromise,2021-11-21,105.6,15.2,25.3,65.1,Core Banking,6,False,False,True,0,False,14588,5047,2949,7136,False
OUT-90167,CLM-70188,POL-2021071,INS-11071,Business Email Compromise,2022-06-22,42.4,5.7,8.9,27.7,Payment Processing,4,False,False,False,0,False,29564,9699,3149,17423,True
OUT-90168,CLM-70189,POL-2021073,INS-11073,Business Email Compromise,2022-07-08,21.9,1.4,6.5,13.9,Payment Processing,4,False,False,False,0,False,2932,871,570,1279,False
OUT-90169,CLM-70190,POL-2021074,INS-11074,DDoS,2020-08-16,13.3,1.7,3.1,8.4,Email/Productivity,4,False,False,True,0,False,52133,29067,13130,16089,False
OUT-90170,CLM-70191,POL-2021078,INS-11078,Third-Party Breach,2023-03-15,82.5,9.0,18.7,54.8,Core Banking,6,False,False,False,0,False,213271,116581,48735,64632,False
OUT-90171,CLM-70192,POL-2021083,INS-11083,Ransomware,2023-09-24,106.4,6.7,24.0,75.7,Payment Processing,1,False,False,True,77605,False,16084,5556,2104,1758,True
OUT-90172,CLM-70193,POL-2021085,INS-11085,Ransomware,2023-11-17,13.6,1.7,3.9,8.0,Email/Productivity,3,False,False,False,1027446,False,2158620,882516,307436,127603,False
OUT-90173,CLM-70194,POL-2021089,INS-11089,Ransomware,2021-03-30,70.9,11.7,23.4,35.8,Payment Processing,4,True,True,False,107737,False,124524,34392,31520,37817,False
OUT-90174,CLM-70195,POL-2021090,INS-11090,Data Breach,2022-04-20,37.4,6.4,8.5,22.5,Core Banking,3,False,False,False,0,False,1216,649,310,469,False
OUT-90175,CLM-70196,POL-2021090,INS-11090,Data Breach,2022-05-08,33.1,5.7,7.6,19.8,Multiple Systems,1,False,False,True,0,False,1023,510,136,521,False
OUT-90176,CLM-70197,POL-2021091,INS-11091,Wire Fraud,2023-05-25,216.4,11.4,66.2,138.9,Core Banking,1,False,False,False,0,False,93092,40127,20399,21801,False
OUT-90177,CLM-70198,POL-2021094,INS-11094,Insider Threat,2021-01-25,63.6,7.0,10.2,46.4,Payment Processing,4,False,False,False,0,False,281327,100690,83035,96985,True
OUT-90178,CLM-70200,POL-2021108,INS-10008,Ransomware,2020-11-20,46.7,7.5,11.2,28.0,Core Banking,4,False,False,False,46002,True,3249873,1175680,922196,1676368,True
OUT-90179,CLM-70201,POL-2021111,INS-10011,Data Breach,2023-01-13,24.6,4.7,3.8,16.0,Customer Portal,6,False,False,False,0,False,8409,2755,949,1191,False
OUT-90180,CLM-70202,POL-2021113,INS-10013,Third-Party Breach,2022-05-04,128.0,8.4,39.0,80.7,Email/Productivity,4,False,False,False,0,False,260334,131590,34765,52058,True
OUT-90181,CLM-70203,POL-2021122,INS-10022,Ransomware,2023-04-22,24.5,3.7,4.3,16.5,Trading Platform,3,False,False,True,98500,False,656652,238567,183672,324362,False
OUT-90182,CLM-70204,POL-2021136,INS-10036,Ransomware,2022-06-08,977.5,105.3,295.9,576.3,Multiple Systems,1,False,False,False,890762,False,28383,16129,7917,3538,False
OUT-90183,CLM-70205,POL-2021152,INS-10052,Data Breach,2021-12-15,33.5,4.5,9.3,19.8,Customer Portal,5,False,False,False,0,False,10457,3400,1558,2594,False
OUT-90184,CLM-70206,POL-2021156,INS-10056,DDoS,2021-06-21,22.8,1.6,7.6,13.6,Multiple Systems,1,False,False,False,0,False,76625,20220,13519,18467,False
OUT-90185,CLM-70207,POL-2021157,INS-10057,Third-Party Breach,2023-08-21,348.2,35.3,109.0,203.9,Trading Platform,1,False,False,False,0,False,325516,154753,41774,105445,False
OUT-90186,CLM-70208,POL-2021169,INS-10069,Ransomware,2023-07-17,135.3,18.1,28.2,88.9,Payment Processing,4,False,False,False,1641913,False,353261,177655,83283,117224,False
OUT-90187,CLM-70209,POL-2021176,INS-10076,DDoS,2023-04-27,446.1,77.7,115.9,252.5,Customer Portal,5,False,False,False,0,False,52092,27476,10537,4219,False
OUT-90188,CLM-70210,POL-2021182,INS-10082,Ransomware,2021-07-12,53.5,8.4,9.0,36.1,Email/Productivity,3,False,False,False,465063,True,3375415,1078602,349980,881763,True
OUT-90189,CLM-70211,POL-2021190,INS-10090,Ransomware,2022-12-09,28.0,5.0,8.1,15.0,Payment Processing,3,False,False,False,304568,False,178964,72295,23472,61976,False
OUT-90190,CLM-70213,POL-2021202,INS-10102,Business Email Compromise,2023-03-18,37.4,6.5,6.5,24.4,Email/Productivity,3,False,False,True,0,False,79,48,21,21,False
OUT-90191,CLM-70214,POL-2021202,INS-10102,Ransomware,2023-06-14,301.0,17.4,49.9,233.6,Payment Processing,4,False,False,False,82702,False,54260,19001,11316,7861,False
OUT-90192,CLM-70215,POL-2021203,INS-10103,Business Email Compromise,2025-01-03,32.8,3.6,11.3,17.9,Customer Portal,5,False,False,False,0,False,4712,1256,664,1369,False
OUT-90193,CLM-70216,POL-2021214,INS-10114,Insider Threat,2020-10-08,518.4,69.7,92.5,356.2,Email/Productivity,6,False,False,False,0,False,3989,1434,907,2525,False
OUT-90194,CLM-70217,POL-2021214,INS-10114,Data Breach,2020-10-04,77.3,11.2,13.0,53.1,Multiple Systems,4,False,False,True,0,False,132805,55253,32799,6927,False
OUT-90195,CLM-70218,POL-2021224,INS-10124,DDoS,2022-08-05,100.9,17.8,34.2,49.0,Trading Platform,4,False,False,False,0,False,118072,39672,18134,7685,True
OUT-90196,CLM-70219,POL-2021229,INS-10129,Insider Threat,2023-06-06,335.3,30.9,84.4,220.0,Trading Platform,4,False,False,False,0,False,41119,21471,4496,18554,False
OUT-90197,CLM-70220,POL-2021242,INS-10142,Ransomware,2020-10-14,8.8,0.8,1.7,6.4,Email/Productivity,1,False,False,False,739345,False,524238,141207,114354,42435,False
OUT-90198,CLM-70221,POL-2021246,INS-10146,Ransomware,2023-07-21,9.0,0.9,1.9,6.2,Multiple Systems,4,False,False,False,123002,True,40839,11561,4416,6046,False
OUT-90199,CLM-70222,POL-2021246,INS-10146,Ransomware,2023-09-08,95.3,13.2,28.4,53.7,Customer Portal,1,False,False,False,5425198,False,132103,52149,21698,-1615,False
OUT-90200,CLM-70223,POL-2021253,INS-10153,DDoS,2021-12-12,187.3,26.2,36.3,124.8,Payment Processing,2,False,False,True,0,False,14963,4627,2535,3486,False
OUT-90201,CLM-70226,POL-2021257,INS-10157,Ransomware,2025-02-01,20.7,1.8,4.4,14.5,Payment Processing,2,False,False,True,40347,False,155526,43356,13903,58746,False
OUT-90202,CLM-70227,POL-2021264,INS-10164,DDoS,2021-07-22,57.0,4.0,10.5,42.6,Customer Portal,2,False,False,False,0,False,9970,5419,1928,3048,False
OUT-90203,CLM-70228,POL-2021271,INS-10171,Ransomware,2024-01-14,85.0,10.2,23.7,51.1,Payment Processing,3,False,False,True,426523,False,117689,29733,26799,23303,False
OUT-90204,CLM-70230,POL-2021290,INS-10190,Third-Party Breach,2023-10-06,17.2,3.0,4.8,9.3,Email/Productivity,1,False,False,False,0,False,259347,103799,46469,71402,False
OUT-90205,CLM-70231,POL-2021300,INS-10200,Business Email Compromise,2024-01-21,41.2,4.0,13.4,23.8,Trading Platform,3,False,False,True,0,False,1103,436,189,229,False
OUT-90206,CLM-70232,POL-2021311,INS-10211,Ransomware,2021-12-15,134.4,25.6,39.6,69.2,Customer Portal,2,False,False,False,409739,True,48597,21870,7999,22998,False
OUT-90207,CLM-70233,POL-2021315,INS-10215,Data Breach,2025-08-29,51.4,10.2,12.0,29.2,Customer Portal,6,False,True,False,0,False,9430,4306,1671,4935,False
OUT-90208,CLM-70234,POL-2021322,INS-10222,Data Breach,2023-02-05,110.5,15.5,21.6,73.5,Trading Platform,5,False,False,True,0,False,21031,7562,3602,13805,False
OUT-90209,CLM-70235,POL-2021323,INS-10223,Ransomware,2024-01-18,56.9,5.8,18.0,33.1,Customer Portal,2,False,False,False,427419,True,108194,33214,27493,45764,False
OUT-90210,CLM-70236,POL-2021324,INS-10224,Business Email Compromise,2025-06-24,1946.1,180.5,592.4,1173.2,Trading Platform,2,False,False,False,0,False,41130,26275,12432,11204,False
OUT-90211,CLM-70237,POL-2021325,INS-10225,Ransomware,2020-11-29,123.9,16.3,25.5,82.1,Customer Portal,4,False,True,True,2311089,False,2577,1693,712,663,False
OUT-90212,CLM-70238,POL-2021327,INS-10227,Wire Fraud,2021-08-28,161.7,16.3,24.9,120.5,Multiple Systems,6,False,True,True,0,False,59756,30820,12482,352,False
OUT-90213,CLM-70239,POL-2021330,INS-10230,Ransomware,2022-04-04,1054.1,65.9,242.9,745.2,Email/Productivity,3,False,False,False,248893,False,153960,93590,27096,51653,False
OUT-90214,CLM-70240,POL-2021332,INS-10232,Ransomware,2024-03-31,44.6,3.1,12.8,28.8,Payment Processing,5,True,True,True,611233,True,5227380,1522663,775906,923080,False
OUT-90215,CLM-70241,POL-2021335,INS-10235,Ransomware,2023-09-04,62.5,8.9,19.3,34.2,Core Banking,4,False,False,False,408953,False,310174,88538,56191,83931,False
OUT-90216,CLM-70242,POL-2021337,INS-10237,Business Email Compromise,2021-07-02,135.2,22.5,24.1,88.6,Multiple Systems,4,False,False,False,0,False,12537,3951,1654,1309,False
OUT-90217,CLM-70243,POL-2021347,INS-10247,Third-Party Breach,2025-02-14,77.6,6.4,16.1,55.1,Email/Productivity,3,False,False,False,0,False,81364,30847,9976,21689,False
OUT-90218,CLM-70244,POL-2021357,INS-10257,Data Breach,2024-09-18,403.2,69.1,65.5,268.6,Core Banking,6,False,False,False,0,False,100813,31251,16274,15072,True
OUT-90219,CLM-70245,POL-2021364,INS-10264,Ransomware,2024-11-10,53.9,5.8,14.2,33.9,Customer Portal,1,False,False,True,103690,False,56605,27726,7490,1096,False
OUT-90220,CLM-70246,POL-2021367,INS-10267,Ransomware,2023-10-03,39.8,5.3,9.7,24.8,Trading Platform,6,False,False,False,38142,False,52477,21913,7245,-874,False
OUT-90221,CLM-70248,POL-2021404,INS-10304,Third-Party Breach,2021-01-27,22.5,3.7,7.2,11.6,Trading Platform,2,False,False,False,0,False,35547,12985,6472,280,False
OUT-90222,CLM-70249,POL-2021406,INS-10306,DDoS,2021-06-21,61.0,7.1,16.6,37.3,Email/Productivity,6,False,False,False,0,False,38801,19459,3902,12491,False
OUT-90223,CLM-70250,POL-2021413,INS-10313,Business Email Compromise,2022-11-22,20.6,1.1,6.0,13.4,Trading Platform,1,False,False,False,0,False,750,289,145,-5,False
OUT-90224,CLM-70251,POL-2021416,INS-10316,Third-Party Breach,2023-04-09,264.8,46.0,58.9,160.0,Customer Portal,3,False,False,True,0,False,346590,213091,105719,69488,True
OUT-90225,CLM-70252,POL-2021425,INS-10325,Data Breach,2024-01-15,139.0,16.2,26.9,96.0,Trading Platform,5,False,False,False,0,False,320680,130760,25933,32882,False
OUT-90226,CLM-70253,POL-2021430,INS-10330,Data Breach,2020-04-11,230.7,15.3,80.0,135.5,Core Banking,5,False,False,True,0,False,74693,31400,17113,40012,False
OUT-90227,CLM-70254,POL-2021431,INS-10331,Ransomware,2024-07-08,37.7,2.9,7.4,27.4,Core Banking,3,False,False,False,353959,False,460397,168413,115265,140294,False
OUT-90228,CLM-70256,POL-2021432,INS-10332,Other,2021-07-09,75.8,9.5,15.6,50.7,Customer Portal,6,False,False,False,0,False,22085,6720,2367,11911,True
OUT-90229,CLM-70257,POL-2021433,INS-10333,Ransomware,2022-04-26,34.5,5.4,6.0,23.1,Trading Platform,4,False,False,False,1595112,False,497502,252196,79253,83630,False
OUT-90230,CLM-70258,POL-2021433,INS-10333,Ransomware,2022-01-12,257.0,46.2,83.8,127.0,Email/Productivity,4,False,False,False,260336,False,39514,20503,9234,761,False
OUT-90231,CLM-70259,POL-2021435,INS-10335,Other,2022-12-24,206.9,23.2,57.1,126.6,Trading Platform,5,False,False,True,0,False,55824,27385,8981,25494,True
OUT-90232,CLM-70260,POL-2021436,INS-10336,Wire Fraud,2020-07-24,19.2,1.8,3.4,14.1,Core Banking,5,False,False,False,0,False,21512,9164,4538,6025,False
OUT-90233,CLM-70261,POL-2021478,INS-10378,Third-Party Breach,2023-12-19,261.7,25.1,80.7,155.9,Multiple Systems,1,False,False,False,0,False,46652,20684,6550,10294,False
OUT-90234,CLM-70262,POL-2021480,INS-10380,Insider Threat,2023-05-29,18.4,3.2,5.1,10.2,Customer Portal,1,False,True,False,0,False,10243,2863,1449,1901,False
OUT-90235,CLM-70263,POL-2021481,INS-10381,Data Breach,2024-03-09,143.6,9.6,27.7,106.3,Customer Portal,2,False,False,True,0,False,1059,569,212,162,False
OUT-90236,CLM-70264,POL-2021485,INS-10385,Ransomware,2021-03-17,207.4,20.6,62.1,124.7,Payment Processing,6,False,False,False,6629871,False,28558,12929,6926,14499,True
OUT-90237,CLM-70265,POL-2021486,INS-10386,Data Breach,2023-01-15,314.6,25.7,68.4,220.5,Email/Productivity,3,False,False,True,0,False,42241,19656,5391,-904,False
OUT-90238,CLM-70266,POL-2021493,INS-10393,Business Email Compromise,2025-03-14,347.8,51.0,69.0,227.8,Payment Processing,4,False,False,False,0,False,9926,5096,1898,2033,False
OUT-90239,CLM-70267,POL-2021498,INS-10398,Data Breach,2022-10-30,360.7,64.0,99.5,197.2,Core Banking,2,False,True,True,0,False,84428,22740,18324,21140,False
